#FILE	SEQUENCE	START	END	STRAND	GENE	COVERAGE	COVERAGE_MAP	GAPS	%COVERAGE	%IDENTITY	DATABASE	ACCESSION	PRODUCT	RESISTANCE
/content/genome.fasta.fna	NC_016838.1	31843	32718	-	CTX-M-14	1-876/876	===============	0/0	100.00	100.00	card	AF252622.2:1740-2616	CTX-M-14 is a beta-lactamase found in the Enterobacteriaceae family.	cephalosporin
/content/genome.fasta.fna	NC_016839.1	29746	30606	+	TEM-1	1-861/861	===============	0/0	100.00	100.00	card	AL513383.1:161910-162771	TEM-1 is a broad-spectrum beta-lactamase found in many Gram-negative bacteria. Confers resistance to penicillins and first generation cephalosphorins.	cephalosporin;monobactam;penicillin_beta-lactam
/content/genome.fasta.fna	NC_016839.1	30776	31531	+	rmtB	1-756/756	===============	0/0	100.00	100.00	card	AM886293.1:116479-117235	RmtB is a 16S rRNA methyltransferase that targets mature or nearly mature 30S subunits. It transfers a methyl group from S-adenosyl-L-methionine to N7-G1405 of the 16S rRNA an aminoglycoside binding site.	aminoglycoside
/content/genome.fasta.fna	NC_016839.1	35237	36412	-	tet(G)	1-1176/1176	===============	0/0	100.00	92.77	card	AF133139.1:0-1176	TetG is a tetracycline efflux protein found in Gram-negative bacteria. The encoding gene is found in both chromosomal and plasmid DNA where it is frequently linked to the floR sul1 and cmlA9 genes which encode proteins that can confer florfenicol/chloramphenicol sulfamethoxazole and chloramphenicol resistance respectively.	tetracycline
/content/genome.fasta.fna	NC_016839.1	37349	38563	-	cmlA9	1-1215/1215	===============	0/0	100.00	100.00	card	AY963803.6:24823-26038	cmlA9 is a Major Facilitator Superfamily efflux gene that is found in Salmonella enterica.	phenicol
/content/genome.fasta.fna	NC_016839.1	39745	40092	-	qacEdelta1	1-348/348	===============	0/0	100.00	100.00	card	U49101.1:1490-1838	QacEdelta1 is a resistance gene conferring resistance to antiseptics. It is different from QacE only at the 3'-terminus.	disinfecting_agents_and_antiseptics
/content/genome.fasta.fna	NC_016839.1	40256	41035	-	aadA2	1-780/780	===============	0/0	100.00	99.87	card	AF156486.1:5012-5792	aadA2 is an aminoglycoside nucleotidyltransferase gene encoded by plasmids and integrons in K. pneumoniae Salmonella spp. Corynebacterium glutamicum C. freundii and Aeromonas spp.	aminoglycoside
/content/genome.fasta.fna	NC_016839.1	41453	41949	-	dfrA12	1-498/498	========/======	1/1	99.80	99.80	card	GU585907.1:22103-21605	dfrA12 is an integron-encoded dihydrofolate reductase found in Vibrio cholerae.	diaminopyrimidine
/content/genome.fasta.fna	NC_016839.1	44147	44850	+	AAC(3)-IId	158-861/861	..=============	0/0	81.77	99.72	card	EU022314.1:0-861	AAC(3)-IId is a plasmid-encoded aminoglycoside acetyltransferase in E. coli.	aminoglycoside
/content/genome.fasta.fna	NC_016839.1	49820	50680	+	TEM-1	1-861/861	===============	0/0	100.00	100.00	card	AL513383.1:161910-162771	TEM-1 is a broad-spectrum beta-lactamase found in many Gram-negative bacteria. Confers resistance to penicillins and first generation cephalosphorins.	cephalosporin;monobactam;penicillin_beta-lactam
/content/genome.fasta.fna	NC_016839.1	51095	51931	-	APH(6)-Id	1-837/837	===============	0/0	100.00	99.88	card	AF024602.1:3155-3992	APH(6)-Id is an aminoglycoside phosphotransferase encoded by plasmids integrative conjugative elements and chromosomal genomic islands in K. pneumoniae Salmonella spp. E. coli Shigella flexneri Providencia alcalifaciens Pseudomonas spp. V. cholerae Edwardsiella tarda Pasteurella multocida and Aeromonas bestiarum.	aminoglycoside
/content/genome.fasta.fna	NC_016839.1	51931	52734	-	APH(3'')-Ib	1-804/804	===============	0/0	100.00	99.75	card	AF313472.2:15593-16397	APH(3'')-Ib is an aminoglycoside phosphotransferase encoded by plasmids transposons integrative conjugative elements and chromosomes in Enterobacteriaceae and Pseudomonas spp.	aminoglycoside
/content/genome.fasta.fna	NC_016839.1	52795	53610	-	sul2	1-816/816	===============	0/0	100.00	100.00	card	AY055428.1:21084-20268	Sul2 is a sulfonamide resistant dihydropteroate synthase of Gram-negative bacteria usually found on small plasmids.	sulfonamide
/content/genome.fasta.fna	NC_016839.1	82527	83402	+	CTX-M-14	1-876/876	===============	0/0	100.00	100.00	card	AF252622.2:1740-2616	CTX-M-14 is a beta-lactamase found in the Enterobacteriaceae family.	cephalosporin
/content/genome.fasta.fna	NC_016845.1	77011	78377	-	cpxA	1-1367/1374	===============	0/0	99.49	82.08	card	BA000007.3:4905062-4903688	CpxA is a membrane-localized sensor kinase that is activated by envelope stress. It starts a kinase cascade that activates CpxR which promotes efflux complex expression.	aminocoumarin;aminoglycoside
/content/genome.fasta.fna	NC_016845.1	646217	646636	+	FosA6	1-420/420	===============	0/0	100.00	98.81	card	KU254579.1:59421-59841	FosA6 is a plasmid-encoded enzyme that confers resistance to fosfomycin in Escherichia coli by breaking the epoxide ring of the molecule.	phosphonic_acid
/content/genome.fasta.fna	NC_016845.1	804078	806426	-	LptD	1-2349/2349	===============	0/0	100.00	100.00	card	CP007727.1:809555-807206	LptD is involved in LPS transport in a ABC Transporter efflux system. It confers resistance to rifamycin aminocoumarin and peptide antibiotics.	aminocoumarin;carbapenem;peptide;rifamycin
/content/genome.fasta.fna	NC_016845.1	1241193	1244337	-	acrB	1-3148/3150	========/======	5/9	99.75	83.85	card	U00096.3:484403-481253	Protein subunit of AcrA-AcrB-TolC multidrug efflux complex. AcrB functions as a herterotrimer which forms the inner membrane component and is primarily responsible for substrate recognition and energy transduction by acting as a drug/proton antiporter.	cephalosporin;disinfecting_agents_and_antiseptics;fluoroquinolone;glycylcycline;penicillin_beta-lactam;phenicol;rifamycin;tetracycline
/content/genome.fasta.fna	NC_016845.1	1244360	1245553	-	Klebsiella_pneumoniae_acrA	1-1197/1197	========/======	2/3	99.75	97.74	card	AJ318073.1:793-1990	AcrA is a subunit of the AcrAB multidrug efflux system that is found in K. pneumoniae which is encoded by the acrRAB operon.	cephalosporin;disinfecting_agents_and_antiseptics;fluoroquinolone;glycylcycline;penicillin_beta-lactam;phenicol;rifamycin;tetracycline
/content/genome.fasta.fna	NC_016845.1	1439493	1439846	+	ramA	21-375/375	========/======	1/1	94.40	81.41	card	JQ727668.1:0-375	RamA (resistance antibiotic multiple) is a positive regulator of AcrAB-TolC and leads to high level multidrug resistance in Klebsiella pneumoniae Salmonella enterica and Enterobacter aerugenes increasing the expression of both the mar operon as well as AcrAB. RamA also decreases OmpF expression.	carbapenem;cephalosporin;disinfecting_agents_and_antiseptics;fluoroquinolone;glycylcycline;monobactam;penicillin_beta-lactam;phenicol;rifamycin;tetracycline
/content/genome.fasta.fna	NC_016845.1	1885200	1886948	+	msbA	1-1749/1749	===============	0/0	100.00	80.62	card	U00096.3:966620-968369	MsbA is a multidrug resistance transporter homolog from E. coli and belongs to a superfamily of transporters that contain an adenosine triphosphate (ATP) binding cassette (ABC) which is also called a nucleotide-binding domain (NBD). MsbA is a member of the MDR-ABC transporter group by sequence homology. MsbA transports lipid A a major component of the bacterial outer cell membrane and is the only bacterial ABC transporter that is essential for cell viability.	nitroimidazole
/content/genome.fasta.fna	NC_016845.1	1936314	1937438	-	OmpA	1-1125/1125	===============	0/0	100.00	99.82	card	FO834906.1:2175099-2173974	OmpA is a porin that confers resistance to beta-lactam antibiotics.	peptide
/content/genome.fasta.fna	NC_016845.1	2380785	2381939	-	Klebsiella_pneumoniae_OmpK37	1-1125/1125	========/======	7/32	99.91	95.24	card	AJ011502.1:300-1425	Klebsiella pneumoniae outer membrane porin protein. Is preferentially detected in porin-deficient strains. Functional characterization of this new porin revealed a narrower pore than those of porins OmpK35 and OmpK36 which did not allow penetration by certain beta-lactams. Also when a resistant strain expresses porin OmpK37 is less susceptible to cefotaxime and cefoxitin than when it is expressing either OmpK36 or OmpK35.	carbapenem;cephalosporin;monobactam;penicillin_beta-lactam
/content/genome.fasta.fna	NC_016845.1	2508706	2509068	+	Klebsiella_pneumoniae_KpnE	1-363/363	===============	0/0	100.00	99.45	card	AP006725.1:2483889-2484252	KpnE subunit of KpnEF resembles EbrAB from E. coli. Mutation in KpnEF resulted in increased susceptibility to cefepime ceftriaxon colistin erythromycin rifampin tetracycline and streptomycin as well as enhanced sensitivity toward sodium dodecyl sulfate deoxycholate dyes benzalkonium chloride chlorhexidine and triclosan.	aminoglycoside;cephalosporin;disinfecting_agents_and_antiseptics;macrolide;peptide;rifamycin;tetracycline
/content/genome.fasta.fna	NC_016845.1	2509055	2509384	+	Klebsiella_pneumoniae_KpnF	1-330/330	===============	0/0	100.00	100.00	card	AP006725.1:2484238-2484568	KpnF subunit of KpnEF resembles EbrAB from E. coli. Mutation in KpnEF resulted in increased susceptibility to cefepime ceftriaxon colistin erythromycin rifampin tetracycline and streptomycin as well as enhanced sensitivity toward sodium dodecyl sulfate deoxycholate dyes benzalkonium chloride chlorhexidine and triclosan.	aminoglycoside;cephalosporin;disinfecting_agents_and_antiseptics;macrolide;peptide;rifamycin;tetracycline
/content/genome.fasta.fna	NC_016845.1	2549403	2550263	-	SHV-182	1-861/861	===============	0/0	100.00	99.88	card	KP050489.1:0-861	SHV-182 is a beta-lactamase. Name originally from the historical Lahey list of beta-lactamases some of which did not include sequence data.	cephalosporin;penicillin_beta-lactam
/content/genome.fasta.fna	NC_016845.1	2572031	2572399	-	marA	1-369/384	===============	0/0	96.09	81.57	card	AP009048.1:1621287-1621671	In the presence of antibiotic stress E. coli overexpresses the global activator protein MarA which besides inducing MDR efflux pump AcrAB also down- regulates synthesis of the porin OmpF.	carbapenem;cephalosporin;disinfecting_agents_and_antiseptics;fluoroquinolone;glycylcycline;monobactam;penicillin_beta-lactam;phenicol;rifamycin;tetracycline
/content/genome.fasta.fna	NC_016845.1	3184800	3185204	+	H-NS	1-405/414	===============	0/0	97.83	87.16	card	BA000007.3:1738104-1737690	H-NS is a histone-like protein involved in global gene regulation in Gram-negative bacteria. It is a repressor of the membrane fusion protein genes acrE mdtE and emrK as well as nearby genes of many RND-type multidrug exporters.	cephalosporin;fluoroquinolone;macrolide;penicillin_beta-lactam;tetracycline
/content/genome.fasta.fna	NC_016845.1	3597230	3600352	+	mdtB	1-3123/3123	========/======	2/4	99.94	81.02	card	U00096.1:2155262-2158385	MdtB is a transporter that forms a heteromultimer complex with MdtC to form a multidrug transporter. MdtBC is part of the MdtABC-TolC efflux complex.	aminocoumarin
/content/genome.fasta.fna	NC_016845.1	3600353	3603430	+	mdtC	1-3078/3078	===============	0/0	100.00	81.71	card	U00096.1:2158385-2161463	MdtC is a transporter that forms a heteromultimer complex with MdtB to form a multidrug transporter. MdtBC is part of the MdtABC-TolC efflux complex. In the absence of MdtB MdtC can form a homomultimer complex that results in a functioning efflux complex with a narrower drug specificity. mdtC corresponds to 3 loci in Pseudomonas aeruginosa PAO1 (gene name: muxC/muxB) and 3 loci in Pseudomonas aeruginosa LESB58.	aminocoumarin
/content/genome.fasta.fna	NC_016845.1	3655612	3657051	-	MdtQ	1-1440/1440	===============	0/0	100.00	99.79	card	CP133868.1:5053037-5051597	MdtQ is a putative multidrug resistance outer membrane protein found in carbapenem-resistant Klebsiella pneumoniae.	carbapenem;cephalosporin;monobactam;penicillin_beta-lactam
/content/genome.fasta.fna	NC_016845.1	3905323	3908436	+	acrD	1-3114/3114	========/======	2/6	99.90	80.17	card	AP009048.1:2586250-2589364	AcrD is an aminoglycoside efflux pump expressed in E. coli. Its expression can be induced by indole and is regulated by baeRS and cpxAR.	aminoglycoside
/content/genome.fasta.fna	NC_016845.1	4118968	4119477	+	emrR	1-510/531	===============	0/0	96.05	83.14	card	U00096.3:2810769-2811300	EmrR is a negative regulator for the EmrAB-TolC multidrug efflux pump in E. coli. Mutations lead to EmrAB-TolC overexpression.	fluoroquinolone
/content/genome.fasta.fna	NC_016845.1	4119624	4120796	+	Klebsiella_pneumoniae_KpnG	1-1173/1173	===============	0/0	100.00	99.49	card	ACWO01000051.1:22092-23265	KpnG consists of ~390 residues and resembles EmrA of E. coli. Disruption of the pump components KpnG-KpnH signficantly decrease resistance to azithromycin ceftazidime ciprofloxacin ertapenem erythromycin gentamicin imipenem ticarcillin norfloxacin polymyxin-B piperacillin spectinomycin tobramycin and streptomycin.	aminoglycoside;carbapenem;cephalosporin;fluoroquinolone;macrolide;penicillin_beta-lactam;peptide
/content/genome.fasta.fna	NC_016845.1	4120812	4122350	+	Klebsiella_pneumoniae_KpnH	1-1539/1539	========/======	2/2	99.94	84.22	card	ASTU01000063.1:61248-62787	KpnH consists of ~511 residues resembles EmrB of E. coli and is probably a translocase in the KpnGH-TolC efflux protein in K. pneumoniae. Disruption of the pump components KpnG-KpnH signficantly decrease resistance to azithromycin ceftazidime ciprofloxacin ertapenem erythromycin gentamicin imipenem ticarcillin norfloxacin polymyxin-B piperacillin spectinomycin tobramycin and streptomycin.	aminoglycoside;carbapenem;cephalosporin;fluoroquinolone;macrolide;penicillin_beta-lactam;peptide
/content/genome.fasta.fna	NC_016845.1	4888902	4889534	+	CRP	1-633/633	===============	0/0	100.00	88.15	card	AP009048.1:4154296-4153663	CRP is a global regulator that represses MdtEF multidrug efflux pump expression.	fluoroquinolone;macrolide;penicillin_beta-lactam
/content/genome.fasta.fna	NC_016845.1	4999278	5000933	-	ArnT	1-1656/1656	===============	0/0	100.00	99.82	card	FO834906.1:304977-306633	ArnT is involved in Cell Wall Biosynthesis specifically 4-amino-4-deoxy-L-arabinose (Ara4N). It confers resistance to peptide antibiotics.	peptide
/content/genome.fasta.fna	NC_016845.1	5080749	5082473	-	eptB	1-1725/1725	===============	0/0	100.00	99.65	card	FO203501.1:5123640-5125365	eptB is a phosphoethanolamine transferase. It confers resistance to peptide antibiotics.	peptide
/content/genome.fasta.fna	NC_016846.1	20557	21438	+	KPC-2	1-882/882	===============	0/0	100.00	100.00	card	AY034847.1:5-887	KPC-2 is a beta-lactamase found in Klebsiella pneumoniae and Pseudomonas aeruginosa.	carbapenem;cephalosporin;monobactam;penicillin_beta-lactam
/content/genome.fasta.fna	NC_016846.1	41723	42583	+	TEM-1	1-861/861	===============	0/0	100.00	100.00	card	AL513383.1:161910-162771	TEM-1 is a broad-spectrum beta-lactamase found in many Gram-negative bacteria. Confers resistance to penicillins and first generation cephalosphorins.	cephalosporin;monobactam;penicillin_beta-lactam
